,feature_0,feature_1,feature_2,feature_3,feature_4,feature_5,feature_6,feature_7
feature_0,1.0,0.17413416955685604,-0.5209823812078003,-0.23866156927186,-0.28437357227566756,0.07362623150961911,0.37309123377480774,-0.22202965856784998
feature_1,0.17413416955685604,1.0,0.3597899573316958,-0.08993011952208585,0.4318223842438473,0.8693602705802415,-0.527929285755559,0.057996532765026906
feature_2,-0.5209823812078003,0.3597899573316958,1.0,0.4128520112481742,0.39482938283588637,0.13678174251759026,-0.5013980064267102,0.11247349763946043
feature_3,-0.23866156927186,-0.08993011952208585,0.4128520112481742,1.0,0.10313593284779757,-0.4463276304356806,-0.12523723048235755,0.11630105330900267
feature_4,-0.28437357227566756,0.4318223842438473,0.39482938283588637,0.10313593284779757,1.0,0.2656624081074006,-0.30191308284566054,-0.08957166654821208
feature_5,0.07362623150961911,0.8693602705802415,0.13678174251759026,-0.4463276304356806,0.2656624081074006,1.0,-0.383021236865833,0.015339537926280166
feature_6,0.37309123377480774,-0.527929285755559,-0.5013980064267102,-0.12523723048235755,-0.30191308284566054,-0.383021236865833,1.0,-0.057880084964584674
feature_7,-0.22202965856784998,0.057996532765026906,0.11247349763946043,0.11630105330900267,-0.08957166654821208,0.015339537926280166,-0.057880084964584674,1.0
