,feature_0,feature_1,feature_2,feature_3,feature_4,feature_5,feature_6,feature_7
feature_0,1.0,-0.04461513937093376,-0.12916768895231429,0.41355637255940814,-0.5920932716647074,-0.6376930723134525,0.17501185272338737,0.10310506531889797
feature_1,-0.04461513937093376,1.0,-0.2275328707783116,-0.027652696849076924,0.0064346688135266256,-0.0003535389306177897,-0.14092903540902188,-0.36429367375522537
feature_2,-0.12916768895231429,-0.2275328707783116,1.0,-0.5402976226854567,-0.2445570170931258,0.18032717961701786,-0.5716377140299022,-0.37825958989711483
feature_3,0.41355637255940814,-0.027652696849076924,-0.5402976226854567,1.0,-0.23640155337880345,-0.41568872868491086,0.7212817119576569,0.3422950930728534
feature_4,-0.5920932716647074,0.0064346688135266256,-0.2445570170931258,-0.23640155337880345,1.0,0.32982065210202083,0.007512983032144528,0.14587789495642894
feature_5,-0.6376930723134525,-0.0003535389306177897,0.18032717961701786,-0.41568872868491086,0.32982065210202083,1.0,-0.09509062513869959,0.3431077138068272
feature_6,0.17501185272338737,-0.14092903540902188,-0.5716377140299022,0.7212817119576569,0.007512983032144528,-0.09509062513869959,1.0,0.622596355006679
feature_7,0.10310506531889797,-0.36429367375522537,-0.37825958989711483,0.3422950930728534,0.14587789495642894,0.3431077138068272,0.622596355006679,1.0
