,feature_0,feature_1,feature_2,feature_3,feature_4,feature_5,feature_6,feature_7
feature_0,1.0,0.7149494112694381,0.17350343732730605,0.31526862484555307,-0.028378764280289247,-0.1743946121254699,-0.17508033025466926,-0.5607323761839426
feature_1,0.7149494112694381,1.0,-0.30618810153126047,0.47051653482517336,0.06088549177070412,-0.0014048363413402588,-0.6918650371338605,-0.3248389554995156
feature_2,0.17350343732730605,-0.30618810153126047,1.0,-0.3528080469336076,-0.11625239534207155,0.08080056191878676,0.32582219726165196,-0.41349134607580673
feature_3,0.31526862484555307,0.47051653482517336,-0.3528080469336076,1.0,-0.003121165446364973,-0.3108120500372832,-0.17212056471657416,-0.2968129665305607
feature_4,-0.028378764280289247,0.06088549177070412,-0.11625239534207155,-0.003121165446364973,1.0,-0.5907767013450841,-0.08480217881136662,-0.04894414350731982
feature_5,-0.1743946121254699,-0.0014048363413402588,0.08080056191878676,-0.3108120500372832,-0.5907767013450841,1.0,-0.054019419906135645,-0.03840098862774412
feature_6,-0.17508033025466926,-0.6918650371338605,0.32582219726165196,-0.17212056471657416,-0.08480217881136662,-0.054019419906135645,1.0,-0.014330943134795136
feature_7,-0.5607323761839426,-0.3248389554995156,-0.41349134607580673,-0.2968129665305607,-0.04894414350731982,-0.03840098862774412,-0.014330943134795136,1.0
