,feature_0,feature_1,feature_2,feature_3,feature_4,feature_5,feature_6,feature_7
feature_0,1.0,-0.29828239273314827,-0.16099120571474773,-0.3498900921093733,0.28400082998844334,-0.2801098697570826,-0.4228492323480524,0.03938380685746753
feature_1,-0.29828239273314827,1.0,0.24387455844243858,0.26134657390377103,-0.10927738268572774,-0.2769667719131353,-0.20134608790966135,0.013058779694505982
feature_2,-0.16099120571474773,0.24387455844243858,1.0,0.067560520532444,0.04477330342745416,-0.002108097604561802,-0.3170298001231112,-0.3530046222707379
feature_3,-0.3498900921093733,0.26134657390377103,0.067560520532444,1.0,-0.40678451848476277,0.1992055964247592,0.31146540429390873,0.18898147557248585
feature_4,0.28400082998844334,-0.10927738268572774,0.04477330342745416,-0.40678451848476277,1.0,0.17808908367906043,0.2628760266713779,-0.11949705398783327
feature_5,-0.2801098697570826,-0.2769667719131353,-0.002108097604561802,0.1992055964247592,0.17808908367906043,1.0,0.14107065907553828,0.599925242732132
feature_6,-0.4228492323480524,-0.20134608790966135,-0.3170298001231112,0.31146540429390873,0.2628760266713779,0.14107065907553828,1.0,-0.03150734357071061
feature_7,0.03938380685746753,0.013058779694505982,-0.3530046222707379,0.18898147557248585,-0.11949705398783327,0.599925242732132,-0.03150734357071061,1.0
