,embedded_0,embedded_1,embedded_2,embedded_3,embedded_4,embedded_5,embedded_6,embedded_7
embedded_0,1.0,-0.9937479582421986,,-0.986118669989505,-0.9945468894567884,0.999419410741041,0.9988359904217159,-0.9942101937541646
embedded_1,-0.9937479582421986,1.0,,0.9984885155993031,0.9999700501886305,-0.9969718794184677,-0.9979665318285348,0.999987778528099
embedded_2,,,,,,,,
embedded_3,-0.986118669989505,0.9984885155993031,,1.0,0.998057574233224,-0.9911978976358276,-0.9929620192635696,0.9982462209914498
embedded_4,-0.9945468894567884,0.9999700501886305,,0.998057574233224,1.0,-0.9975183885171897,-0.9984065024032109,0.999990460085663
embedded_5,0.999419410741041,-0.9969718794184677,,-0.9911978976358276,-0.9975183885171897,1.0,0.9998990477071772,-0.9972931201238385
embedded_6,0.9988359904217159,-0.9979665318285348,,-0.9929620192635696,-0.9984065024032109,0.9998990477071772,1.0,-0.9982305623944185
embedded_7,-0.9942101937541646,0.999987778528099,,0.9982462209914498,0.999990460085663,-0.9972931201238385,-0.9982305623944185,1.0
