,feature_0,feature_1,feature_2,feature_3,feature_4,feature_5,feature_6,feature_7
feature_0,1.0,-0.011327371018360606,-0.00021945834940924566,-0.07244773500270398,0.604578594587122,0.49832340509719214,-0.06699950247858087,-0.15483628839887276
feature_1,-0.011327371018360606,1.0,0.09043961760442394,-0.5721394015601513,-0.6653537877253601,-0.6886230604434744,-0.5222356001911348,0.8304305067021295
feature_2,-0.00021945834940924566,0.09043961760442394,1.0,-0.02500087480318055,-0.1078852868099092,-0.14097040568629393,-0.32871501853089136,0.027998600065637046
feature_3,-0.07244773500270398,-0.5721394015601513,-0.02500087480318055,1.0,0.393437413969137,0.415597861622653,0.5078071189976836,-0.5698115888123945
feature_4,0.604578594587122,-0.6653537877253601,-0.1078852868099092,0.393437413969137,1.0,0.6046558069210621,0.36766783702921596,-0.5654992881555589
feature_5,0.49832340509719214,-0.6886230604434744,-0.14097040568629393,0.415597861622653,0.6046558069210621,1.0,0.18542272084006794,-0.5331076872118086
feature_6,-0.06699950247858087,-0.5222356001911348,-0.32871501853089136,0.5078071189976836,0.36766783702921596,0.18542272084006794,1.0,-0.6890232911300626
feature_7,-0.15483628839887276,0.8304305067021295,0.027998600065637046,-0.5698115888123945,-0.5654992881555589,-0.5331076872118086,-0.6890232911300626,1.0
