,feature_0,feature_1,feature_2,feature_3,feature_4,feature_5,feature_6,feature_7
feature_0,1.0,-0.5841508188252321,-0.037964891758151174,0.10618088554709988,-0.25472775720149676,-0.5521607354886455,0.15198619920342415,-0.4496409948003584
feature_1,-0.5841508188252321,1.0,0.07039164651629108,-0.08684946578372633,-0.35108997489617977,0.8357149194745259,-0.5670269222033193,0.5172842692642626
feature_2,-0.037964891758151174,0.07039164651629108,1.0,-0.03869481022474352,-0.3279838942288716,0.3508321438296793,0.19325854465330822,0.3429043719503953
feature_3,0.10618088554709988,-0.08684946578372633,-0.03869481022474352,1.0,-0.2877988711479389,-0.015367008117207287,-0.26744915658438334,-0.4800473433515191
feature_4,-0.25472775720149676,-0.35108997489617977,-0.3279838942288716,-0.2877988711479389,1.0,-0.47420606457285847,0.2939949498007459,0.002157687337263343
feature_5,-0.5521607354886455,0.8357149194745259,0.3508321438296793,-0.015367008117207287,-0.47420606457285847,1.0,-0.464769213619772,0.6519182470609971
feature_6,0.15198619920342415,-0.5670269222033193,0.19325854465330822,-0.26744915658438334,0.2939949498007459,-0.464769213619772,1.0,-0.05003273898636438
feature_7,-0.4496409948003584,0.5172842692642626,0.3429043719503953,-0.4800473433515191,0.002157687337263343,0.6519182470609971,-0.05003273898636438,1.0
