,feature_0,feature_1,feature_2,feature_3,feature_4,feature_5,feature_6,feature_7
feature_0,1.0,-0.5780901009856825,0.10129995552157595,-0.30571467709844713,0.10496551267384596,-0.5544971857781428,-0.11519419623822169,-0.004586021601888592
feature_1,-0.5780901009856825,1.0,-0.1238658138472206,0.1633598644195434,0.16898793442450724,0.2161106243030108,-0.1278075248489741,0.14999654890464623
feature_2,0.10129995552157595,-0.1238658138472206,1.0,0.21590927168334387,-0.4661395282909216,0.1357688436747771,0.36356005959548576,0.2278080755585211
feature_3,-0.30571467709844713,0.1633598644195434,0.21590927168334387,1.0,-0.18417107539757804,-0.00022385548000155328,0.36508070614236227,-0.2047231936493743
feature_4,0.10496551267384596,0.16898793442450724,-0.4661395282909216,-0.18417107539757804,1.0,-0.24567902189143453,-0.006715631329503593,0.2614146413727555
feature_5,-0.5544971857781428,0.2161106243030108,0.1357688436747771,-0.00022385548000155328,-0.24567902189143453,1.0,0.39132243727398003,0.669528537515051
feature_6,-0.11519419623822169,-0.1278075248489741,0.36356005959548576,0.36508070614236227,-0.006715631329503593,0.39132243727398003,1.0,0.4818017041319402
feature_7,-0.004586021601888592,0.14999654890464623,0.2278080755585211,-0.2047231936493743,0.2614146413727555,0.669528537515051,0.4818017041319402,1.0
