,embedded_0,embedded_1,embedded_2,embedded_3,embedded_4,embedded_5,embedded_6,embedded_7
embedded_0,1.0,0.9991093158579725,,0.8953169592873792,0.9999178302522349,0.9963460469617402,0.547395405993088,-0.2882661009471889
embedded_1,0.9991093158579725,1.0,,0.8967097841026052,0.9985309970422562,0.998274464679715,0.522754199333568,-0.2890192680307933
embedded_2,,,,,,,,
embedded_3,0.8953169592873792,0.8967097841026052,,1.0,0.8944989265800257,0.8979633098509034,0.45128653882554615,0.08735789108714333
embedded_4,0.9999178302522349,0.9985309970422562,,0.8944989265800257,1.0,0.9953427296154743,0.5562403899320431,-0.2879177862960103
embedded_5,0.9963460469617402,0.998274464679715,,0.8979633098509034,0.9953427296154743,1.0,0.49833322022742205,-0.2901086141907283
embedded_6,0.547395405993088,0.522754199333568,,0.45128653882554615,0.5562403899320431,0.49833322022742205,1.0,-0.14324154997568933
embedded_7,-0.2882661009471889,-0.2890192680307933,,0.08735789108714333,-0.2879177862960103,-0.2901086141907283,-0.14324154997568933,1.0
