,feature_0,feature_1,feature_2,feature_3,feature_4,feature_5,feature_6,feature_7
feature_0,1.0,0.16088728743122946,-0.1340241837535442,-0.09273011724482783,-0.034199030944460314,-0.1827433348386101,0.33305604527505517,-0.45855963190159077
feature_1,0.16088728743122946,1.0,-0.18532585506773222,0.2095443635848658,-0.4662745481535268,0.3483364074529135,-0.02834151252083624,0.21289991143647977
feature_2,-0.1340241837535442,-0.18532585506773222,1.0,-0.4475079131223635,-0.2586500752654609,-0.2826917611938267,0.17130702231181694,-0.34621597745498367
feature_3,-0.09273011724482783,0.2095443635848658,-0.4475079131223635,1.0,0.06606797007525703,0.020516796843954525,-0.2742742832829556,0.1618427881523917
feature_4,-0.034199030944460314,-0.4662745481535268,-0.2586500752654609,0.06606797007525703,1.0,0.0771290997577356,-0.663901741781709,0.035674891371586644
feature_5,-0.1827433348386101,0.3483364074529135,-0.2826917611938267,0.020516796843954525,0.0771290997577356,1.0,-0.0775137853492512,-0.11822107657244539
feature_6,0.33305604527505517,-0.02834151252083624,0.17130702231181694,-0.2742742832829556,-0.663901741781709,-0.0775137853492512,1.0,-0.16471680963580118
feature_7,-0.45855963190159077,0.21289991143647977,-0.34621597745498367,0.1618427881523917,0.035674891371586644,-0.11822107657244539,-0.16471680963580118,1.0
