,feature_0,feature_1,feature_2,feature_3,feature_4,feature_5,feature_6,feature_7
feature_0,1.0,-0.5286685389026685,-0.21612070656310195,0.06985050556322617,-0.1756674681058521,-0.12427623579666125,0.34426156667793284,0.07841268043419312
feature_1,-0.5286685389026685,1.0,0.18230083522727492,0.35602598401736785,0.21185030594367632,0.45812782802444996,0.04732896335739884,0.3928339512821147
feature_2,-0.21612070656310195,0.18230083522727492,1.0,0.23893154368054217,-0.2445852459112395,-0.4605647413294294,-0.08806712638022218,-0.6640872872956618
feature_3,0.06985050556322617,0.35602598401736785,0.23893154368054217,1.0,0.295681437347286,-0.02743748636321635,0.003410887822400211,-0.13396972409267818
feature_4,-0.1756674681058521,0.21185030594367632,-0.2445852459112395,0.295681437347286,1.0,-0.0060882763336677775,0.416787036159905,0.20420022719844955
feature_5,-0.12427623579666125,0.45812782802444996,-0.4605647413294294,-0.02743748636321635,-0.0060882763336677775,1.0,0.04847757180700576,0.8535115573845248
feature_6,0.34426156667793284,0.04732896335739884,-0.08806712638022218,0.003410887822400211,0.416787036159905,0.04847757180700576,1.0,0.23047018273011158
feature_7,0.07841268043419312,0.3928339512821147,-0.6640872872956618,-0.13396972409267818,0.20420022719844955,0.8535115573845248,0.23047018273011158,1.0
