,feature_0,feature_1,feature_2,feature_3,feature_4,feature_5,feature_6,feature_7
feature_0,1.0,0.6825391995140385,0.5689585745105148,-0.10901801387594796,-0.3790785454839601,0.16666707090885072,-0.48116029544377914,-0.34518742781056755
feature_1,0.6825391995140385,1.0,0.7062833687829643,-0.2935670856630297,-0.12677756388578076,0.07724824307747123,-0.678677652235816,-0.06452051231780875
feature_2,0.5689585745105148,0.7062833687829643,1.0,0.04680001421067809,0.03094695019297534,-0.30679136182628286,-0.6633209319055509,-0.05801495059445365
feature_3,-0.10901801387594796,-0.2935670856630297,0.04680001421067809,1.0,0.3897124329038214,-0.38432862607703583,0.06380518379065442,0.3978541923295822
feature_4,-0.3790785454839601,-0.12677756388578076,0.03094695019297534,0.3897124329038214,1.0,-0.5312131063021139,0.3288518821923539,0.735515008890951
feature_5,0.16666707090885072,0.07724824307747123,-0.30679136182628286,-0.38432862607703583,-0.5312131063021139,1.0,0.06158474641372204,-0.7760856553257608
feature_6,-0.48116029544377914,-0.678677652235816,-0.6633209319055509,0.06380518379065442,0.3288518821923539,0.06158474641372204,1.0,0.23187305938383984
feature_7,-0.34518742781056755,-0.06452051231780875,-0.05801495059445365,0.3978541923295822,0.735515008890951,-0.7760856553257608,0.23187305938383984,1.0
