,feature_0,feature_1,feature_2,feature_3,feature_4,feature_5,feature_6,feature_7
feature_0,1.0,-0.3683489529783877,0.005752611191641851,0.5806687860304479,-0.6854807136020317,0.5098088974804023,-0.0014957673870596823,0.09393387841244773
feature_1,-0.3683489529783877,1.0,-0.16532689926969688,0.3154271407381138,0.28036040111601035,0.49440129670089816,-0.3781109007916288,0.4620543587634936
feature_2,0.005752611191641851,-0.16532689926969688,1.0,0.1653710723685956,-0.29380584198783516,-0.0835167687997239,-0.013513988902623965,-0.1844692245763758
feature_3,0.5806687860304479,0.3154271407381138,0.1653710723685956,1.0,-0.6199611742258797,0.5274574646025192,-0.4849330339543471,0.43472944266496605
feature_4,-0.6854807136020317,0.28036040111601035,-0.29380584198783516,-0.6199611742258797,1.0,-0.25633696792505656,0.37820176360854335,-0.39497110448133127
feature_5,0.5098088974804023,0.49440129670089816,-0.0835167687997239,0.5274574646025192,-0.25633696792505656,1.0,-0.06464442577515418,0.5183771277654161
feature_6,-0.0014957673870596823,-0.3781109007916288,-0.013513988902623965,-0.4849330339543471,0.37820176360854335,-0.06464442577515418,1.0,-0.12185512038033282
feature_7,0.09393387841244773,0.4620543587634936,-0.1844692245763758,0.43472944266496605,-0.39497110448133127,0.5183771277654161,-0.12185512038033282,1.0
