,feature_0,feature_1,feature_2,feature_3,feature_4,feature_5,feature_6,feature_7
feature_0,1.0,0.40783945473638095,0.21307107677344786,-0.05082782317023082,-0.0761363265661977,-0.1482762684911137,-0.04654196735376766,0.23103995120936563
feature_1,0.40783945473638095,1.0,-0.2235246318694682,-0.3669442726768772,0.1449042203651935,-0.24324851479632656,-0.25713689341759516,-0.021085633443036853
feature_2,0.21307107677344786,-0.2235246318694682,1.0,-0.3308463181137537,0.31522903696468596,0.029041848284752245,-0.17400032797369494,0.05519542316105291
feature_3,-0.05082782317023082,-0.3669442726768772,-0.3308463181137537,1.0,-0.1783586564089056,0.035568512274521985,0.32750998248680063,0.2511361796821347
feature_4,-0.0761363265661977,0.1449042203651935,0.31522903696468596,-0.1783586564089056,1.0,0.15457907460512224,0.15344253887546155,-0.2043857163243507
feature_5,-0.1482762684911137,-0.24324851479632656,0.029041848284752245,0.035568512274521985,0.15457907460512224,1.0,-0.05551842454649887,-0.24772747899056177
feature_6,-0.04654196735376766,-0.25713689341759516,-0.17400032797369494,0.32750998248680063,0.15344253887546155,-0.05551842454649887,1.0,-0.7031896985436241
feature_7,0.23103995120936563,-0.021085633443036853,0.05519542316105291,0.2511361796821347,-0.2043857163243507,-0.24772747899056177,-0.7031896985436241,1.0
