,feature_0,feature_1,feature_2,feature_3,feature_4,feature_5,feature_6,feature_7
feature_0,1.0,-0.17604027830572977,-0.07879449794422576,-0.3312658094892275,0.07441029311284479,0.20522486999405917,-0.4293281222491649,-0.31979590177370887
feature_1,-0.17604027830572977,1.0,0.30367107682619976,-0.3830993947130306,0.15725617153358512,-0.6758654451587414,-0.21849295791976675,-0.359106563375922
feature_2,-0.07879449794422576,0.30367107682619976,1.0,-0.17980223189975822,0.12381717605533217,-0.29437280308106833,-0.20641444540214127,-0.12373075509932947
feature_3,-0.3312658094892275,-0.3830993947130306,-0.17980223189975822,1.0,-0.27285714037443837,0.4049944174418343,0.6403887220507093,-0.04796464594693198
feature_4,0.07441029311284479,0.15725617153358512,0.12381717605533217,-0.27285714037443837,1.0,-0.1788115563060384,0.010391792534862686,-0.03764516188199123
feature_5,0.20522486999405917,-0.6758654451587414,-0.29437280308106833,0.4049944174418343,-0.1788115563060384,1.0,-0.00313585962296037,0.2244813966063467
feature_6,-0.4293281222491649,-0.21849295791976675,-0.20641444540214127,0.6403887220507093,0.010391792534862686,-0.00313585962296037,1.0,0.479103893358521
feature_7,-0.31979590177370887,-0.359106563375922,-0.12373075509932947,-0.04796464594693198,-0.03764516188199123,0.2244813966063467,0.479103893358521,1.0
