,feature_0,feature_1,feature_2,feature_3,feature_4,feature_5,feature_6,feature_7
feature_0,1.0,0.32539610323029217,-0.571829677394047,0.4531139593414518,0.850499994993604,-0.08280312124574372,0.5354574985935531,-0.14161084249423592
feature_1,0.32539610323029217,1.0,-0.3699643566923175,0.46961029765988127,0.2697600421793177,0.05360736471195707,0.08781936874503346,-0.46110497282108565
feature_2,-0.571829677394047,-0.3699643566923175,1.0,-0.42328721566860067,-0.4728135157065343,-0.29237259518010267,-0.5532750810000002,-0.2743236661019968
feature_3,0.4531139593414518,0.46961029765988127,-0.42328721566860067,1.0,0.46616491303828356,0.379575125675937,0.5657129392317323,0.16452409894270034
feature_4,0.850499994993604,0.2697600421793177,-0.4728135157065343,0.46616491303828356,1.0,0.22465823912736577,0.182523838079625,-0.031238071572366705
feature_5,-0.08280312124574372,0.05360736471195707,-0.29237259518010267,0.379575125675937,0.22465823912736577,1.0,-0.17390724608793,0.19440318124350123
feature_6,0.5354574985935531,0.08781936874503346,-0.5532750810000002,0.5657129392317323,0.182523838079625,-0.17390724608793,1.0,0.18823498310092923
feature_7,-0.14161084249423592,-0.46110497282108565,-0.2743236661019968,0.16452409894270034,-0.031238071572366705,0.19440318124350123,0.18823498310092923,1.0
