,feature_0,feature_1,feature_2,feature_3,feature_4,feature_5,feature_6,feature_7
feature_0,1.0,0.6026047351402494,0.5805786072205379,-0.025696194638838002,-0.4172136717048129,0.6809451508843696,0.16333178538859147,0.09522809299564436
feature_1,0.6026047351402494,1.0,0.398532479424832,-0.01203575494936487,-0.5160209406115779,0.1065334586876931,-0.10158639405792719,-0.20948885422616248
feature_2,0.5805786072205379,0.398532479424832,1.0,-0.380809620172549,0.03665419297286241,0.4880573718021526,0.41852217487047744,0.1796222841660301
feature_3,-0.025696194638838002,-0.01203575494936487,-0.380809620172549,1.0,-0.15568036220213166,-0.02910979656177387,0.11587389747920952,-0.14259956120116976
feature_4,-0.4172136717048129,-0.5160209406115779,0.03665419297286241,-0.15568036220213166,1.0,-0.4484542341015125,0.21901815977259206,0.45501269835097363
feature_5,0.6809451508843696,0.1065334586876931,0.4880573718021526,-0.02910979656177387,-0.4484542341015125,1.0,-0.05867795744007451,-0.10533020905287542
feature_6,0.16333178538859147,-0.10158639405792719,0.41852217487047744,0.11587389747920952,0.21901815977259206,-0.05867795744007451,1.0,0.44447896993896263
feature_7,0.09522809299564436,-0.20948885422616248,0.1796222841660301,-0.14259956120116976,0.45501269835097363,-0.10533020905287542,0.44447896993896263,1.0
