,feature_0,feature_1,feature_2,feature_3,feature_4,feature_5,feature_6,feature_7
feature_0,1.0,-0.06562074088288246,-0.15609339266236918,0.03323775210726616,0.07214217614795793,0.03014466381290413,0.09882305956078077,-0.00937150263247042
feature_1,-0.06562074088288246,1.0,0.08158074945563286,0.0430277629459873,0.33491241493329993,-0.2921995271592988,0.09614090968786744,-0.42935138554182545
feature_2,-0.15609339266236918,0.08158074945563286,1.0,0.20657020901765102,-0.08089680286189942,0.2575941081680515,0.47492196601254694,-0.04133327375328548
feature_3,0.03323775210726616,0.0430277629459873,0.20657020901765102,1.0,0.041482250254106776,-0.0096222507628115,0.49381184316297844,0.004894850351055851
feature_4,0.07214217614795793,0.33491241493329993,-0.08089680286189942,0.041482250254106776,1.0,-0.352837146336878,-0.4200343107242208,-0.3618247400919771
feature_5,0.03014466381290413,-0.2921995271592988,0.2575941081680515,-0.0096222507628115,-0.352837146336878,1.0,0.6658903044868615,0.30863489880813044
feature_6,0.09882305956078077,0.09614090968786744,0.47492196601254694,0.49381184316297844,-0.4200343107242208,0.6658903044868615,1.0,0.3259426976710482
feature_7,-0.00937150263247042,-0.42935138554182545,-0.04133327375328548,0.004894850351055851,-0.3618247400919771,0.30863489880813044,0.3259426976710482,1.0
