,feature_0,feature_1,feature_2,feature_3,feature_4,feature_5,feature_6,feature_7
feature_0,1.0,0.13904138333270538,0.4505626273009876,-0.6074372657148703,-0.22212262260075746,0.46643834116146404,0.5521179759668275,-0.7902518549402037
feature_1,0.13904138333270538,1.0,0.21161330684720175,0.019404559080328548,-0.12368772691773544,0.23881378560920452,-0.013033956037540127,0.08301569168182794
feature_2,0.4505626273009876,0.21161330684720175,1.0,0.10379848483272577,-0.03325738806303629,-0.2409719011976091,0.6941842503578078,-0.2301423667828429
feature_3,-0.6074372657148703,0.019404559080328548,0.10379848483272577,1.0,0.32834694759669597,-0.24271394083942444,0.13045872580194876,0.7605753644937839
feature_4,-0.22212262260075746,-0.12368772691773544,-0.03325738806303629,0.32834694759669597,1.0,-0.31439139123343474,0.1880280790445565,0.19969077290185722
feature_5,0.46643834116146404,0.23881378560920452,-0.2409719011976091,-0.24271394083942444,-0.31439139123343474,1.0,0.005380938752966045,-0.11720693291476059
feature_6,0.5521179759668275,-0.013033956037540127,0.6941842503578078,0.13045872580194876,0.1880280790445565,0.005380938752966045,1.0,-0.1349922222483387
feature_7,-0.7902518549402037,0.08301569168182794,-0.2301423667828429,0.7605753644937839,0.19969077290185722,-0.11720693291476059,-0.1349922222483387,1.0
