,feature_0,feature_1,feature_2,feature_3,feature_4,feature_5,feature_6,feature_7
feature_0,1.0,-0.3324344462260893,0.7249633503434213,-0.42716101113252464,0.0633539349459622,-0.20098327899160082,0.2986833826921336,-0.22656439408457785
feature_1,-0.3324344462260893,1.0,-0.07143704178060183,0.532411491200873,-0.19751574241622583,-0.32693305479750545,0.0720372103972361,0.02166756050545221
feature_2,0.7249633503434213,-0.07143704178060183,1.0,-0.15708222366641186,0.10228266556437621,-0.008385618940366355,0.7222904739417491,-0.2116272371390877
feature_3,-0.42716101113252464,0.532411491200873,-0.15708222366641186,1.0,-0.11908156159276931,-0.05599992189897769,-0.201751503170624,0.6675852238651848
feature_4,0.0633539349459622,-0.19751574241622583,0.10228266556437621,-0.11908156159276931,1.0,0.7871312612178553,0.14082348959985372,-0.24393471711931258
feature_5,-0.20098327899160082,-0.32693305479750545,-0.008385618940366355,-0.05599992189897769,0.7871312612178553,1.0,-0.0802547051345577,-0.2881513870261925
feature_6,0.2986833826921336,0.0720372103972361,0.7222904739417491,-0.201751503170624,0.14082348959985372,-0.0802547051345577,1.0,-0.05601799061184789
feature_7,-0.22656439408457785,0.02166756050545221,-0.2116272371390877,0.6675852238651848,-0.24393471711931258,-0.2881513870261925,-0.05601799061184789,1.0
