,feature_0,feature_1,feature_2,feature_3,feature_4,feature_5,feature_6,feature_7
feature_0,1.0,0.3003573852809424,-0.7450274755921684,-0.06809080310838264,-0.09470971563114321,0.1894237557048184,-0.4795759165886433,0.608350806381436
feature_1,0.3003573852809424,1.0,-0.15424167457410426,-0.12658263169802925,-0.31654243179166175,-0.25916442829600217,0.24938308548228277,0.03218340920584896
feature_2,-0.7450274755921684,-0.15424167457410426,1.0,0.048853854617670764,0.0943463942767235,-0.1501367113336301,0.5866311791350937,-0.12201593756630191
feature_3,-0.06809080310838264,-0.12658263169802925,0.048853854617670764,1.0,-0.06931987228823962,0.0138290542596603,0.2284608135619844,0.03330447777318454
feature_4,-0.09470971563114321,-0.31654243179166175,0.0943463942767235,-0.06931987228823962,1.0,-0.41697771748257195,0.17047887409887189,0.004108447891238087
feature_5,0.1894237557048184,-0.25916442829600217,-0.1501367113336301,0.0138290542596603,-0.41697771748257195,1.0,-0.06889408159219176,-0.03923974854687091
feature_6,-0.4795759165886433,0.24938308548228277,0.5866311791350937,0.2284608135619844,0.17047887409887189,-0.06889408159219176,1.0,-0.08170441593918508
feature_7,0.608350806381436,0.03218340920584896,-0.12201593756630191,0.03330447777318454,0.004108447891238087,-0.03923974854687091,-0.08170441593918508,1.0
