,embedded_0,embedded_1,embedded_2,embedded_3,embedded_4,embedded_5,embedded_6,embedded_7
embedded_0,1.0,,,0.9080867459145062,-0.8968052662562863,0.9046064264316688,0.8068844604437113,
embedded_1,,,,,,,,
embedded_2,,,,,,,,
embedded_3,0.9080867459145062,,,1.0,-0.9980889320935352,0.9987391228575534,0.9081938493484851,
embedded_4,-0.8968052662562863,,,-0.9980889320935352,1.0,-0.9998069016141437,-0.8854143733883969,
embedded_5,0.9046064264316688,,,0.9987391228575534,-0.9998069016141437,1.0,0.8890934334152168,
embedded_6,0.8068844604437113,,,0.9081938493484851,-0.8854143733883969,0.8890934334152168,1.0,
embedded_7,,,,,,,,
