,feature_0,feature_1,feature_2,feature_3,feature_4,feature_5,feature_6,feature_7
feature_0,1.0,-0.39161760954131425,0.10467378899396514,0.08383959462875162,0.13369826643207502,-0.07406984787258235,0.20092117531849366,0.26140813808811325
feature_1,-0.39161760954131425,1.0,0.5067151487543113,-0.12549861511916702,-0.3996154943590682,0.3179652514550845,-0.7502630241620781,-0.1588345985924199
feature_2,0.10467378899396514,0.5067151487543113,1.0,-0.10977110008957397,-0.56051517032546,0.38886615640117606,-0.4933365565435724,-0.19373920895733895
feature_3,0.08383959462875162,-0.12549861511916702,-0.10977110008957397,1.0,0.006631195375245332,-0.644516034112117,0.1581102754287294,-0.5961515358535057
feature_4,0.13369826643207502,-0.3996154943590682,-0.56051517032546,0.006631195375245332,1.0,-0.4431038719983967,0.45793376991176543,0.5086871937470288
feature_5,-0.07406984787258235,0.3179652514550845,0.38886615640117606,-0.644516034112117,-0.4431038719983967,1.0,-0.4286793224763783,0.4455994661463129
feature_6,0.20092117531849366,-0.7502630241620781,-0.4933365565435724,0.1581102754287294,0.45793376991176543,-0.4286793224763783,1.0,0.07454960903546759
feature_7,0.26140813808811325,-0.1588345985924199,-0.19373920895733895,-0.5961515358535057,0.5086871937470288,0.4455994661463129,0.07454960903546759,1.0
