,feature_0,feature_1,feature_2,feature_3,feature_4,feature_5,feature_6,feature_7
feature_0,1.0,0.717788529944087,0.6095321368096936,-0.5944048314006948,-0.6088615824891981,-0.38475564088261915,-0.1366576095769061,-0.47596932513943246
feature_1,0.717788529944087,1.0,0.3696239389184128,-0.1567761347356669,-0.16715271593379127,-0.7352086840547172,-0.26207689036161563,-0.4908646642748872
feature_2,0.6095321368096936,0.3696239389184128,1.0,-0.3359831059024284,-0.4183068947023874,0.05688033297833546,-0.3239834675538974,-0.6153415985539147
feature_3,-0.5944048314006948,-0.1567761347356669,-0.3359831059024284,1.0,0.5655729822516248,0.11318465692332343,0.25515508165723605,0.2555658373042687
feature_4,-0.6088615824891981,-0.16715271593379127,-0.4183068947023874,0.5655729822516248,1.0,-0.024584560773851426,0.5447722557746382,0.38541488536603213
feature_5,-0.38475564088261915,-0.7352086840547172,0.05688033297833546,0.11318465692332343,-0.024584560773851426,1.0,0.10022839708679655,0.05519659974724032
feature_6,-0.1366576095769061,-0.26207689036161563,-0.3239834675538974,0.25515508165723605,0.5447722557746382,0.10022839708679655,1.0,0.38015701139610303
feature_7,-0.47596932513943246,-0.4908646642748872,-0.6153415985539147,0.2555658373042687,0.38541488536603213,0.05519659974724032,0.38015701139610303,1.0
