,feature_0,feature_1,feature_2,feature_3,feature_4,feature_5,feature_6,feature_7
feature_0,1.0,0.021323609459462756,-0.35062896757104894,-0.021448312401213455,0.2508492653835001,-0.09895859325415964,-0.15829743836391497,0.11487638465613935
feature_1,0.021323609459462756,1.0,-0.26231069549564734,0.28238407243514824,-0.46560848021020484,-0.18735141836589442,-0.2687584807482274,-0.3841486084557263
feature_2,-0.35062896757104894,-0.26231069549564734,1.0,-0.07573488302707088,0.6185764068036633,0.15879396573862822,0.2639563464666255,-0.21226426421404615
feature_3,-0.021448312401213455,0.28238407243514824,-0.07573488302707088,1.0,-0.033074467466582665,-0.3788414775427716,-0.09860872498834233,-0.45458000312455765
feature_4,0.2508492653835001,-0.46560848021020484,0.6185764068036633,-0.033074467466582665,1.0,0.2789453257701824,0.25600285313942256,0.2535412779817709
feature_5,-0.09895859325415964,-0.18735141836589442,0.15879396573862822,-0.3788414775427716,0.2789453257701824,1.0,0.2761937325023093,0.1424263654361826
feature_6,-0.15829743836391497,-0.2687584807482274,0.2639563464666255,-0.09860872498834233,0.25600285313942256,0.2761937325023093,1.0,0.36082244691827947
feature_7,0.11487638465613935,-0.3841486084557263,-0.21226426421404615,-0.45458000312455765,0.2535412779817709,0.1424263654361826,0.36082244691827947,1.0
