,feature_0,feature_1,feature_2,feature_3,feature_4,feature_5,feature_6,feature_7
feature_0,1.0,0.4129775700356324,0.1401445999304782,-0.13619823983383175,-0.5061624572015636,0.4545374165440552,-0.4755113562073787,-0.27422396235708774
feature_1,0.4129775700356324,1.0,-0.48813313594324503,-0.4939755754862886,-0.4933085125381967,0.23008135411872865,-0.5765031802757042,-0.15306460664890933
feature_2,0.1401445999304782,-0.48813313594324503,1.0,0.6866883313666914,0.36057116024095065,-0.33896480883326974,0.1499255332556045,-0.011480246063391009
feature_3,-0.13619823983383175,-0.4939755754862886,0.6866883313666914,1.0,0.7304464140029092,-0.10638429581922473,0.5977075180793782,0.03507088716894398
feature_4,-0.5061624572015636,-0.4933085125381967,0.36057116024095065,0.7304464140029092,1.0,0.10105744144786798,0.6883674031797624,0.032568309136521714
feature_5,0.4545374165440552,0.23008135411872865,-0.33896480883326974,-0.10638429581922473,0.10105744144786798,1.0,-0.14016294265682758,-0.21358779739983377
feature_6,-0.4755113562073787,-0.5765031802757042,0.1499255332556045,0.5977075180793782,0.6883674031797624,-0.14016294265682758,1.0,0.06607048536830651
feature_7,-0.27422396235708774,-0.15306460664890933,-0.011480246063391009,0.03507088716894398,0.032568309136521714,-0.21358779739983377,0.06607048536830651,1.0
