,feature_0,feature_1,feature_2,feature_3,feature_4,feature_5,feature_6,feature_7
feature_0,1.0,0.6789631779102344,0.11033581756319157,-0.07952360321592847,-0.040385354285128426,-0.2952585177775968,-0.4997856931461761,-0.5683615327202044
feature_1,0.6789631779102344,1.0,0.08093193530802818,-0.20688635483560328,-0.02162766387088623,-0.2688842501052192,-0.2992433432076096,-0.5098512163936632
feature_2,0.11033581756319157,0.08093193530802818,1.0,0.10078902106738911,0.20513732349494754,0.25979350650450644,-0.059536047013242,-0.5468416732731057
feature_3,-0.07952360321592847,-0.20688635483560328,0.10078902106738911,1.0,-0.2451989351287277,-0.13798509690883826,0.11517173492497434,0.447155100945459
feature_4,-0.040385354285128426,-0.02162766387088623,0.20513732349494754,-0.2451989351287277,1.0,0.00022442986568129252,-0.16179978967449807,0.13955597943411616
feature_5,-0.2952585177775968,-0.2688842501052192,0.25979350650450644,-0.13798509690883826,0.00022442986568129252,1.0,0.46848246304459035,-0.2641945226697624
feature_6,-0.4997856931461761,-0.2992433432076096,-0.059536047013242,0.11517173492497434,-0.16179978967449807,0.46848246304459035,1.0,0.3227618311488206
feature_7,-0.5683615327202044,-0.5098512163936632,-0.5468416732731057,0.447155100945459,0.13955597943411616,-0.2641945226697624,0.3227618311488206,1.0
