,embedded_0,embedded_1,embedded_2,embedded_3,embedded_4,embedded_5,embedded_6,embedded_7,embedded_8,embedded_9,embedded_10,embedded_11,embedded_12,embedded_13,embedded_14,embedded_15
embedded_0,1.0,0.989529803191601,,0.9181982895503067,,,,0.9045092772757451,,-0.8006009752845104,-0.8004689247601904,0.8069850235626473,-0.8004447425891844,-0.8468151963852133,,
embedded_1,0.989529803191601,1.0,,0.9591864559666426,,,,0.9485225827335837,,-0.8648082679825542,-0.8646656271555712,0.8700893557771122,-0.8646395056017351,-0.903566256433754,,
embedded_2,,,,,,,,,,,,,,,,
embedded_3,0.9181982895503067,0.9591864559666426,,1.0,,,,0.9993507637302109,,-0.9713881992687017,-0.9712279792277813,0.9738833382349387,-0.9711986384247009,-0.9877422682375357,,
embedded_4,,,,,,,,,,,,,,,,
embedded_5,,,,,,,,,,,,,,,,
embedded_6,,,,,,,,,,,,,,,,
embedded_7,0.9045092772757451,0.9485225827335837,,0.9993507637302109,,,,1.0,,-0.979138135816389,-0.978976637506743,0.9812834883162803,-0.9789470626166679,-0.9925721741978072,,
embedded_8,,,,,,,,,,,,,,,,
embedded_9,-0.8006009752845104,-0.8648082679825542,,-0.9713881992687017,,,,-0.979138135816389,,1.0,0.9999541325397708,-0.9999222418885354,0.9999404911514662,0.9965309331159039,,
embedded_10,-0.8004689247601904,-0.8646656271555712,,-0.9712279792277813,,,,-0.978976637506743,,0.9999541325397708,1.0,-0.9998855155411097,0.9999991097562826,0.9964571450115142,,
embedded_11,0.8069850235626473,0.8700893557771122,,0.9738833382349387,,,,0.9812834883162803,,-0.9999222418885354,-0.9998855155411097,1.0,-0.999873140140358,-0.9973251168837761,,
embedded_12,-0.8004447425891844,-0.8646395056017351,,-0.9711986384247009,,,,-0.9789470626166679,,0.9999404911514662,0.9999991097562826,-0.999873140140358,1.0,0.9964396396994447,,
embedded_13,-0.8468151963852133,-0.903566256433754,,-0.9877422682375357,,,,-0.9925721741978072,,0.9965309331159039,0.9964571450115142,-0.9973251168837761,0.9964396396994447,1.0,,
embedded_14,,,,,,,,,,,,,,,,
embedded_15,,,,,,,,,,,,,,,,
