,feature_0,feature_1,feature_2,feature_3,feature_4,feature_5,feature_6,feature_7
feature_0,1.0,0.6132713328166532,-0.01354471165451177,-0.3430153296926034,-0.08036552502926533,0.5238528960795406,-0.37890142574582375,-0.18191451207189757
feature_1,0.6132713328166532,1.0,-0.25760057646314377,-0.32556506086039066,-0.056857280752945306,-0.17211080447747845,-0.6015413553191408,-0.024515521840584156
feature_2,-0.01354471165451177,-0.25760057646314377,1.0,0.29957472214873637,0.30293196686540047,0.02908194885836445,0.33081938440392883,-0.2136844352245118
feature_3,-0.3430153296926034,-0.32556506086039066,0.29957472214873637,1.0,0.046789177766291046,-0.07459342099241958,0.2712159562090724,-0.3337280321471333
feature_4,-0.08036552502926533,-0.056857280752945306,0.30293196686540047,0.046789177766291046,1.0,0.15217318296764373,-0.24577777175465018,-0.0681652347219471
feature_5,0.5238528960795406,-0.17211080447747845,0.02908194885836445,-0.07459342099241958,0.15217318296764373,1.0,0.06901866261336202,-0.31567930448338943
feature_6,-0.37890142574582375,-0.6015413553191408,0.33081938440392883,0.2712159562090724,-0.24577777175465018,0.06901866261336202,1.0,-0.01061782407781269
feature_7,-0.18191451207189757,-0.024515521840584156,-0.2136844352245118,-0.3337280321471333,-0.0681652347219471,-0.31567930448338943,-0.01061782407781269,1.0
