,embedded_0,embedded_1,embedded_2,embedded_3,embedded_4,embedded_5,embedded_6,embedded_7,embedded_8,embedded_9,embedded_10,embedded_11,embedded_12,embedded_13,embedded_14,embedded_15
embedded_0,1.0,0.5230259857510153,0.6791666221509998,-0.04145110442900017,-0.7510097664121632,,-0.5401461373605851,0.3502100832495029,-0.8081710895773638,-0.4847932238090979,0.6512403015127018,,,,,
embedded_1,0.5230259857510153,1.0,0.9467989393945568,-0.07703229310095058,-0.3594343512959708,,-0.9901066855561362,0.953674263374744,-0.6941101534055948,-0.8897716526274256,0.9470465819637889,,,,,
embedded_2,0.6791666221509998,0.9467989393945568,1.0,-0.07303728487416998,-0.636035978926773,,-0.9497835452992381,0.8378958964933774,-0.8732284894531223,-0.8542107931782373,0.995534130691727,,,,,
embedded_3,-0.04145110442900017,-0.07703229310095058,-0.07303728487416998,1.0,0.022665231978629873,,0.10163485269741722,-0.10277077787745333,0.04785134499851473,0.1900369444193588,-0.08812889867539113,,,,,
embedded_4,-0.7510097664121632,-0.3594343512959708,-0.636035978926773,0.022665231978629873,1.0,,0.3908234810021897,-0.13051113058258149,0.9011698210649511,0.3620970028898098,-0.6207741680380107,,,,,
embedded_5,,,,,,,,,,,,,,,,
embedded_6,-0.5401461373605851,-0.9901066855561362,-0.9497835452992381,0.10163485269741722,0.3908234810021897,,1.0,-0.9545880924839045,0.7077183224064679,0.9374930906199443,-0.9595887686875372,,,,,
embedded_7,0.3502100832495029,0.953674263374744,0.8378958964933774,-0.10277077787745333,-0.13051113058258149,,-0.9545880924839045,1.0,-0.4783274554792176,-0.8868004347816991,0.8546795797416247,,,,,
embedded_8,-0.8081710895773638,-0.6941101534055948,-0.8732284894531223,0.04785134499851473,0.9011698210649511,,0.7077183224064679,-0.4783274554792176,1.0,0.6459602506225888,-0.85490373050941,,,,,
embedded_9,-0.4847932238090979,-0.8897716526274256,-0.8542107931782373,0.1900369444193588,0.3620970028898098,,0.9374930906199443,-0.8868004347816991,0.6459602506225888,1.0,-0.887371227804998,,,,,
embedded_10,0.6512403015127018,0.9470465819637889,0.995534130691727,-0.08812889867539113,-0.6207741680380107,,-0.9595887686875372,0.8546795797416247,-0.85490373050941,-0.887371227804998,1.0,,,,,
embedded_11,,,,,,,,,,,,,,,,
embedded_12,,,,,,,,,,,,,,,,
embedded_13,,,,,,,,,,,,,,,,
embedded_14,,,,,,,,,,,,,,,,
embedded_15,,,,,,,,,,,,,,,,
