,feature_0,feature_1,feature_2,feature_3,feature_4,feature_5,feature_6,feature_7
feature_0,1.0,0.6823584812432966,-0.12783762768650248,0.40436330435565637,-0.0008321653625111613,0.22638417611956999,-0.2905637333943187,0.17623485839251996
feature_1,0.6823584812432966,1.0,0.11549975768578967,0.05663479094979773,-0.17522782172744242,0.3942168669458959,-0.4797801938543171,0.12196781148988994
feature_2,-0.12783762768650248,0.11549975768578967,1.0,0.04994856249142459,-0.23930484952934328,0.08295472007927515,0.08897957415026406,0.23863653285632694
feature_3,0.40436330435565637,0.05663479094979773,0.04994856249142459,1.0,-0.24869416595063573,0.17661575098767834,-0.12115977827443837,0.3206963527156212
feature_4,-0.0008321653625111613,-0.17522782172744242,-0.23930484952934328,-0.24869416595063573,1.0,-0.09269092895112194,-0.3235616321595461,-0.6227632579118554
feature_5,0.22638417611956999,0.3942168669458959,0.08295472007927515,0.17661575098767834,-0.09269092895112194,1.0,0.28394610352075744,0.11954196366324746
feature_6,-0.2905637333943187,-0.4797801938543171,0.08897957415026406,-0.12115977827443837,-0.3235616321595461,0.28394610352075744,1.0,0.07227371284575396
feature_7,0.17623485839251996,0.12196781148988994,0.23863653285632694,0.3206963527156212,-0.6227632579118554,0.11954196366324746,0.07227371284575396,1.0
