,feature_0,feature_1,feature_2,feature_3,feature_4,feature_5,feature_6,feature_7
feature_0,1.0,-0.07119928019568186,0.19685635881437588,0.30921694431166735,-0.3143281213073486,0.43811729339855904,-0.2868886540189733,-0.6188815526251438
feature_1,-0.07119928019568186,1.0,0.21338985442420047,-0.2774544341774675,-0.16384953349797166,0.10048420152745836,0.39920453170150577,0.1379391290658552
feature_2,0.19685635881437588,0.21338985442420047,1.0,0.2920535138719887,0.3236505843793223,-0.38483332357907335,0.015220076675333143,-0.5331924737050878
feature_3,0.30921694431166735,-0.2774544341774675,0.2920535138719887,1.0,0.3210260730872924,-0.3834926475043703,-0.06389524733778425,-0.5361834340349967
feature_4,-0.3143281213073486,-0.16384953349797166,0.3236505843793223,0.3210260730872924,1.0,-0.4998846700934941,-0.5228742451536618,-0.14409358944683637
feature_5,0.43811729339855904,0.10048420152745836,-0.38483332357907335,-0.3834926475043703,-0.4998846700934941,1.0,-0.29983550701967815,-0.08181518872942548
feature_6,-0.2868886540189733,0.39920453170150577,0.015220076675333143,-0.06389524733778425,-0.5228742451536618,-0.29983550701967815,1.0,0.13459865727501608
feature_7,-0.6188815526251438,0.1379391290658552,-0.5331924737050878,-0.5361834340349967,-0.14409358944683637,-0.08181518872942548,0.13459865727501608,1.0
