,embedded_0,embedded_1,embedded_2,embedded_3,embedded_4,embedded_5,embedded_6,embedded_7
embedded_0,,,,,,,,
embedded_1,,1.0,0.09985690260429042,,0.6074704832382626,0.23159366090341488,0.7793121493574889,0.08054529664184713
embedded_2,,0.09985690260429042,1.0,,0.8370601270025844,0.98769875330588,-0.11951121360363708,-0.008952080131409383
embedded_3,,,,,,,,
embedded_4,,0.6074704832382626,0.8370601270025844,,1.0,0.9019302886908652,0.24064969725044486,0.006744354205679386
embedded_5,,0.23159366090341488,0.98769875330588,,0.9019302886908652,1.0,-0.010449868454522776,-0.0007953520121207594
embedded_6,,0.7793121493574889,-0.11951121360363708,,0.24064969725044486,-0.010449868454522776,1.0,0.18044775934390062
embedded_7,,0.08054529664184713,-0.008952080131409383,,0.006744354205679386,-0.0007953520121207594,0.18044775934390062,1.0
