,feature_0,feature_1,feature_2,feature_3,feature_4,feature_5,feature_6,feature_7
feature_0,1.0,0.407839454736365,0.21307107677344028,-0.05082782317023247,-0.07613632656619934,-0.14827626849112022,-0.04654196735376825,0.23103995120936285
feature_1,0.407839454736365,1.0,-0.22352463186946647,-0.366944272676864,0.14490422036519596,-0.24324851479631882,-0.2571368934175844,-0.02108563344303737
feature_2,0.21307107677344028,-0.22352463186946647,1.0,-0.3308463181137533,0.3152290369646896,0.02904184828475318,-0.17400032797370138,0.05519542316105489
feature_3,-0.05082782317023247,-0.366944272676864,-0.3308463181137533,1.0,-0.17835865640892196,0.035568512274522235,0.32750998248682106,0.25113617968213126
feature_4,-0.07613632656619934,0.14490422036519596,0.3152290369646896,-0.17835865640892196,1.0,0.1545790746051299,0.153442538875459,-0.20438571632435287
feature_5,-0.14827626849112022,-0.24324851479631882,0.02904184828475318,0.035568512274522235,0.1545790746051299,1.0,-0.055518424546498635,-0.24772747899057024
feature_6,-0.04654196735376825,-0.2571368934175844,-0.17400032797370138,0.32750998248682106,0.153442538875459,-0.055518424546498635,1.0,-0.7031896985436462
feature_7,0.23103995120936285,-0.02108563344303737,0.05519542316105489,0.25113617968213126,-0.20438571632435287,-0.24772747899057024,-0.7031896985436462,1.0
